CustomerID,PurchaseDate,PurchaseAmount,PurchaseCount,Product
Customer0001,2022-07-13,379.83,0,Bicol Express
Customer0002,2022-11-28,147.94,0,Adobo
Customer0003,2022-11-18,889.81,0,Sinigang
Customer0004,2022-07-05,773.05,0,Laing
Customer0005,2022-09-28,196.59,0,Tinolang Manok
Customer0006,2022-06-08,280.66,0,Bicol Express
Customer0007,2022-11-28,238.43,0,Lumpia
Customer0008,2022-03-07,782.61,0,Laing
Customer0009,2022-01-28,64.78,0,Tinolang Manok
Customer0010,2022-08-13,780.88,0,Tinolang Manok
Customer0011,2022-05-30,152.12,0,Pancit Canton
Customer0012,2022-06-08,245.55,0,Lechon
Customer0013,2022-04-13,645.7,0,Tinolang Manok
Customer0014,2022-10-22,537.3,0,Halo-Halo
Customer0015,2022-12-29,731.9,0,Halo-Halo
Customer0016,2022-06-25,29.29,0,Laing
Customer0017,2022-04-21,196.53,0,Sinigang
Customer0018,2022-09-15,622.1,0,Lumpia
Customer0019,2022-01-27,213.82,0,Laing
Customer0020,2022-07-24,415.66,0,Sinigang
Customer0021,2022-05-22,355.56,0,Lumpia
Customer0022,2022-08-02,297.71,0,Sinigang
Customer0023,2022-05-07,738.92,0,Adobo
Customer0024,2022-04-24,809.79,0,Kare-Kare
Customer0025,2022-09-19,172.53,0,Halo-Halo
Customer0026,2022-12-22,266.86,0,Lumpia
Customer0027,2022-05-10,266.83,0,Laing
Customer0028,2022-03-03,265.31,0,Pancit Canton
Customer0029,2022-03-25,714.1,0,Laing
Customer0030,2022-12-12,756.11,0,Bicol Express
Customer0031,2022-02-22,864.02,0,Kare-Kare
Customer0032,2022-07-24,54.28,0,Laing
Customer0033,2022-02-28,383.86,0,Lechon
Customer0034,2022-06-26,483.21,0,Sinigang
Customer0035,2022-02-08,611.43,0,Halo-Halo
Customer0036,2022-12-12,361.7,0,Halo-Halo
Customer0037,2022-05-31,406.51,0,Kare-Kare
Customer0038,2022-09-15,314.04,0,Tinolang Manok
Customer0039,2022-07-03,588.23,0,Adobo
Customer0040,2022-10-24,159.66,0,Pancit Canton
Customer0041,2022-11-20,937.66,0,Kare-Kare
Customer0042,2022-06-03,858.96,0,Kare-Kare
Customer0043,2022-09-11,121.78,0,Tinolang Manok
Customer0044,2022-12-13,431.96,0,Halo-Halo
Customer0045,2022-08-19,318.61,0,Pancit Canton
Customer0046,2022-05-27,187.04,0,Halo-Halo
Customer0047,2022-08-06,984.76,0,Adobo
Customer0048,2022-11-28,203.89,0,Lumpia
Customer0049,2022-12-24,798.75,0,Adobo
Customer0050,2022-11-03,38.49,0,Pancit Canton
Customer0051,2022-01-03,117.55,0,Lechon
Customer0052,2022-07-16,700.81,0,Bicol Express
Customer0053,2022-04-28,688.86,0,Bicol Express
Customer0054,2022-08-22,20.73,0,Adobo
Customer0055,2022-05-20,521.32,0,Tinolang Manok
Customer0056,2022-05-12,840.31,0,Lechon
Customer0057,2022-06-29,186.1,0,Tinolang Manok
Customer0058,2022-01-12,277.4,0,Tinolang Manok
Customer0059,2022-03-09,745.97,0,Lumpia
Customer0060,2022-04-23,801.68,0,Laing
Customer0061,2022-07-04,164.25,0,Adobo
Customer0062,2022-07-21,65.87,0,Tinolang Manok
Customer0063,2022-01-28,466.31,0,Pancit Canton
Customer0064,2022-08-05,370.21,0,Laing
Customer0065,2022-04-11,698.74,0,Kare-Kare
Customer0066,2022-08-31,226.53,0,Tinolang Manok
Customer0067,2022-09-26,90.15,0,Tinolang Manok
Customer0068,2022-02-16,254.5,0,Tinolang Manok
Customer0069,2022-09-06,300.52,0,Kare-Kare
Customer0070,2022-08-15,513.77,0,Pancit Canton
Customer0071,2022-03-08,282.26,0,Bicol Express
Customer0072,2022-08-07,554.1,0,Lechon
Customer0073,2022-05-19,295.61,0,Halo-Halo
Customer0074,2022-11-25,630.65,0,Kare-Kare
Customer0075,2022-10-23,596.04,0,Sinigang
Customer0076,2022-11-17,567.98,0,Adobo
Customer0077,2022-01-30,556.45,0,Adobo
Customer0078,2022-06-25,112.78,0,Pancit Canton
Customer0079,2022-04-25,887.64,0,Lechon
Customer0080,2022-02-09,375.73,0,Halo-Halo
Customer0081,2022-01-17,650.78,0,Lechon
Customer0082,2022-01-04,578.99,0,Lechon
Customer0083,2022-07-14,821.9,0,Lumpia
Customer0084,2022-08-08,652.07,0,Kare-Kare
Customer0085,2022-04-27,649.68,0,Halo-Halo
Customer0086,2022-08-11,267.21,0,Lechon
Customer0087,2022-06-27,839.85,0,Laing
Customer0088,2022-03-21,590.28,0,Halo-Halo
Customer0089,2022-10-13,181.5,0,Kare-Kare
Customer0090,2022-06-06,355.1,0,Lechon
Customer0091,2022-04-15,495.67,0,Lechon
Customer0092,2022-08-22,951.68,0,Bicol Express
Customer0093,2022-03-05,317.61,0,Sinigang
Customer0094,2022-10-18,877.38,0,Pancit Canton
Customer0095,2022-03-25,834.68,0,Kare-Kare
Customer0096,2022-03-18,106.96,0,Kare-Kare
Customer0097,2022-05-07,391.6,0,Laing
Customer0098,2022-08-10,458.54,0,Pancit Canton
Customer0099,2022-10-31,600.1,0,Lumpia
Customer0100,2022-05-14,196.71,0,Adobo
Customer0101,2022-09-02,79.25,0,Bicol Express
Customer0102,2022-03-31,345.43,0,Adobo
Customer0103,2022-04-06,615.22,0,Pancit Canton
Customer0104,2022-12-29,227.03,0,Laing
Customer0105,2022-07-28,118.1,0,Halo-Halo
Customer0106,2022-10-27,85.23,0,Sinigang
Customer0107,2022-06-19,796.81,0,Pancit Canton
Customer0108,2022-02-13,499.33,0,Kare-Kare
Customer0109,2022-09-07,133.06,0,Bicol Express
Customer0110,2022-08-02,44.89,0,Halo-Halo
Customer0111,2022-01-07,901.92,0,Lechon
Customer0112,2022-06-27,324.55,0,Laing
Customer0113,2022-05-15,657.83,0,Pancit Canton
Customer0114,2022-06-19,664.11,0,Adobo
Customer0115,2022-04-10,591.91,0,Adobo
Customer0116,2022-04-13,939.11,0,Sinigang
Customer0117,2022-11-04,911.44,0,Bicol Express
Customer0118,2022-08-22,357.66,0,Bicol Express
Customer0119,2022-07-28,585.11,0,Pancit Canton
Customer0120,2022-02-25,870.55,0,Lumpia
Customer0121,2022-02-08,81.15,0,Bicol Express
Customer0122,2022-07-04,594.92,0,Adobo
Customer0123,2022-12-18,985.87,0,Laing
Customer0124,2022-12-01,198.41,0,Laing
Customer0125,2022-04-19,580.68,0,Tinolang Manok
Customer0126,2022-03-04,243.52,0,Pancit Canton
Customer0127,2022-01-24,913.46,0,Laing
Customer0128,2022-01-13,506.17,0,Tinolang Manok
Customer0129,2022-05-28,281.78,0,Laing
Customer0130,2022-12-21,676.85,0,Tinolang Manok
Customer0131,2022-08-29,336.26,0,Tinolang Manok
Customer0132,2022-01-19,943.46,0,Sinigang
Customer0133,2022-08-11,129.49,0,Sinigang
Customer0134,2022-12-18,94.07,0,Lumpia
Customer0135,2022-10-21,766.54,0,Laing
Customer0136,2022-12-24,482.28,0,Pancit Canton
Customer0137,2022-04-23,930.83,0,Tinolang Manok
Customer0138,2022-10-13,712.53,0,Sinigang
Customer0139,2022-06-15,863.62,0,Lumpia
Customer0140,2022-06-26,752.98,0,Adobo
Customer0141,2022-02-11,660.16,0,Tinolang Manok
Customer0142,2022-10-17,344.93,0,Bicol Express
Customer0143,2022-02-25,952.59,0,Lumpia
Customer0144,2022-06-24,128.43,0,Lechon
Customer0145,2022-05-29,470.89,0,Laing
Customer0146,2022-04-06,778.09,0,Pancit Canton
Customer0147,2022-10-23,296.19,0,Sinigang
Customer0148,2022-09-19,224.84,0,Pancit Canton
Customer0149,2022-05-28,305.14,0,Pancit Canton
Customer0150,2022-05-07,391.24,0,Lumpia
Customer0151,2022-10-22,519.79,0,Laing
Customer0152,2022-02-24,35.13,0,Adobo
Customer0153,2022-06-17,602.47,0,Tinolang Manok
Customer0154,2022-11-19,53.2,0,Kare-Kare
Customer0155,2022-08-08,219.18,0,Laing
Customer0156,2022-08-31,391.08,0,Sinigang
Customer0157,2022-11-03,586.44,0,Lechon
Customer0158,2022-12-14,139.39,0,Pancit Canton
Customer0159,2022-02-23,197.61,0,Laing
Customer0160,2022-08-20,380.71,0,Tinolang Manok
Customer0161,2022-04-13,49.56,0,Kare-Kare
Customer0162,2022-06-07,24.66,0,Laing
Customer0163,2022-09-28,326.48,0,Bicol Express
Customer0164,2022-10-25,212.67,0,Lumpia
Customer0165,2022-02-15,192.56,0,Halo-Halo
Customer0166,2022-07-19,404.69,0,Adobo
Customer0167,2022-08-21,913.54,0,Adobo
Customer0168,2022-09-19,736.85,0,Laing
Customer0169,2022-02-27,502.79,0,Halo-Halo
Customer0170,2022-04-26,490.77,0,Pancit Canton
Customer0171,2022-12-12,603.07,0,Pancit Canton
Customer0172,2022-12-24,799.71,0,Tinolang Manok
Customer0173,2022-08-19,828.61,0,Sinigang
Customer0174,2022-03-24,166.48,0,Halo-Halo
Customer0175,2022-10-20,336.33,0,Adobo
Customer0176,2022-09-04,424.9,0,Adobo
Customer0177,2022-05-01,748.76,0,Halo-Halo
Customer0178,2022-03-12,55.46,0,Bicol Express
Customer0179,2022-08-27,663.91,0,Lumpia
Customer0180,2022-04-18,448.04,0,Kare-Kare
Customer0181,2022-01-19,955.45,0,Adobo
Customer0182,2022-11-14,127.14,0,Lumpia
Customer0183,2022-05-17,404.79,0,Sinigang
Customer0184,2022-10-11,291.0,0,Sinigang
Customer0185,2022-04-03,127.58,0,Lumpia
Customer0186,2022-10-28,529.25,0,Laing
Customer0187,2022-08-15,503.55,0,Kare-Kare
Customer0188,2022-09-02,320.75,0,Tinolang Manok
Customer0189,2022-03-03,344.22,0,Bicol Express
Customer0190,2022-11-29,537.59,0,Halo-Halo
Customer0191,2022-07-17,650.16,0,Lechon
Customer0192,2022-12-29,104.99,0,Laing
Customer0193,2022-03-01,721.0,0,Sinigang
Customer0194,2022-04-18,781.35,0,Lumpia
Customer0195,2022-09-05,734.36,0,Halo-Halo
Customer0196,2022-01-06,809.68,0,Bicol Express
Customer0197,2022-03-01,998.17,0,Pancit Canton
Customer0198,2022-12-08,504.29,0,Kare-Kare
Customer0199,2022-05-06,354.21,0,Halo-Halo
Customer0200,2022-07-02,849.0,0,Sinigang
Customer0201,2022-05-30,129.78,0,Halo-Halo
Customer0202,2022-08-19,932.81,0,Tinolang Manok
Customer0203,2022-10-03,494.79,0,Pancit Canton
Customer0204,2022-10-05,861.36,0,Bicol Express
Customer0205,2022-01-16,928.27,0,Lumpia
Customer0206,2022-09-01,445.88,0,Laing
Customer0207,2022-04-24,145.66,0,Halo-Halo
Customer0208,2022-01-13,774.92,0,Kare-Kare
Customer0209,2022-10-15,417.58,0,Kare-Kare
Customer0210,2022-08-09,629.33,0,Lechon
Customer0211,2022-02-02,704.52,0,Pancit Canton
Customer0212,2022-02-11,94.47,0,Adobo
Customer0213,2022-01-31,131.09,0,Adobo
Customer0214,2022-05-18,908.5,0,Lechon
Customer0215,2022-08-15,637.45,0,Bicol Express
Customer0216,2022-01-18,267.08,0,Pancit Canton
Customer0217,2022-03-09,144.81,0,Kare-Kare
Customer0218,2022-10-13,396.48,0,Kare-Kare
Customer0219,2022-12-13,939.76,0,Pancit Canton
Customer0220,2022-06-29,905.35,0,Bicol Express
Customer0221,2022-05-25,478.17,0,Lechon
Customer0222,2022-11-27,704.32,0,Bicol Express
Customer0223,2022-05-20,212.57,0,Lechon
Customer0224,2022-09-26,20.47,0,Adobo
Customer0225,2022-03-30,866.45,0,Halo-Halo
Customer0226,2022-04-14,772.99,0,Halo-Halo
Customer0227,2022-04-08,887.41,0,Sinigang
Customer0228,2022-05-10,74.45,0,Lechon
Customer0229,2022-02-02,612.15,0,Kare-Kare
Customer0230,2022-08-10,11.94,0,Laing
Customer0231,2022-01-17,260.24,0,Lumpia
Customer0232,2022-10-14,127.62,0,Kare-Kare
Customer0233,2022-12-10,496.76,0,Lechon
Customer0234,2022-06-03,688.15,0,Sinigang
Customer0235,2022-08-29,41.05,0,Tinolang Manok
Customer0236,2022-07-06,134.53,0,Sinigang
Customer0237,2022-05-25,44.3,0,Lechon
Customer0238,2022-11-09,880.04,0,Sinigang
Customer0239,2022-04-16,698.89,0,Bicol Express
Customer0240,2022-07-02,920.82,0,Lumpia
Customer0241,2022-04-12,600.79,0,Pancit Canton
Customer0242,2022-10-29,79.68,0,Adobo
Customer0243,2022-12-04,988.27,0,Halo-Halo
Customer0244,2022-08-19,209.8,0,Bicol Express
Customer0245,2022-03-24,572.61,0,Halo-Halo
Customer0246,2022-02-03,44.69,0,Bicol Express
Customer0247,2022-12-18,219.52,0,Lechon
Customer0248,2022-02-10,305.3,0,Halo-Halo
Customer0249,2022-03-16,580.4,0,Kare-Kare
Customer0250,2022-01-26,927.33,0,Sinigang
Customer0251,2022-05-31,674.56,0,Halo-Halo
Customer0252,2022-03-09,966.64,0,Bicol Express
Customer0253,2022-01-29,183.46,0,Lechon
Customer0254,2022-02-09,113.81,0,Halo-Halo
Customer0255,2022-12-30,619.48,0,Bicol Express
Customer0256,2022-03-04,446.43,0,Halo-Halo
Customer0257,2022-01-09,70.45,0,Tinolang Manok
Customer0258,2022-05-27,522.91,0,Sinigang
Customer0259,2022-07-14,61.12,0,Laing
Customer0260,2022-03-20,168.41,0,Laing
Customer0261,2022-02-21,389.91,0,Sinigang
Customer0262,2022-12-22,807.8,0,Bicol Express
Customer0263,2022-10-13,470.03,0,Halo-Halo
Customer0264,2022-09-22,309.97,0,Laing
Customer0265,2022-07-22,372.62,0,Tinolang Manok
Customer0266,2022-12-07,864.59,0,Tinolang Manok
Customer0267,2022-05-20,771.78,0,Lumpia
Customer0268,2022-04-16,242.1,0,Kare-Kare
Customer0269,2022-11-17,362.3,0,Adobo
Customer0270,2022-12-21,434.99,0,Halo-Halo
Customer0271,2022-11-26,971.44,0,Lumpia
Customer0272,2022-06-13,819.34,0,Lumpia
Customer0273,2022-10-11,61.1,0,Laing
Customer0274,2022-07-03,23.98,0,Sinigang
Customer0275,2022-01-31,614.66,0,Sinigang
Customer0276,2022-05-13,269.93,0,Lumpia
Customer0277,2022-03-18,233.76,0,Bicol Express
Customer0278,2022-08-17,783.0,0,Sinigang
Customer0279,2022-06-15,326.56,0,Lechon
Customer0280,2022-02-17,157.7,0,Lumpia
Customer0281,2022-08-01,813.17,0,Tinolang Manok
Customer0282,2022-05-08,264.79,0,Kare-Kare
Customer0283,2022-06-24,885.13,0,Pancit Canton
Customer0284,2022-04-13,320.35,0,Tinolang Manok
Customer0285,2022-09-26,49.01,0,Laing
Customer0286,2022-09-16,163.47,0,Bicol Express
Customer0287,2022-07-23,340.74,0,Lechon
Customer0288,2022-10-27,536.97,0,Pancit Canton
Customer0289,2022-03-25,889.68,0,Adobo
Customer0290,2022-08-20,68.81,0,Halo-Halo
Customer0291,2022-05-23,241.19,0,Kare-Kare
Customer0292,2022-08-10,712.13,0,Tinolang Manok
Customer0293,2022-08-29,951.81,0,Adobo
Customer0294,2022-03-24,273.86,0,Lechon
Customer0295,2022-03-19,766.5,0,Laing
Customer0296,2022-11-25,87.6,0,Kare-Kare
Customer0297,2022-11-02,927.46,0,Kare-Kare
Customer0298,2022-02-26,27.85,0,Halo-Halo
Customer0299,2022-07-07,791.47,0,Lumpia
Customer0300,2022-11-08,649.41,0,Adobo
Customer0301,2022-03-09,134.29,0,Tinolang Manok
Customer0302,2022-06-24,373.16,0,Halo-Halo
Customer0303,2022-03-20,282.42,0,Laing
Customer0304,2022-07-19,194.52,0,Laing
Customer0305,2022-03-10,173.44,0,Halo-Halo
Customer0306,2022-05-25,705.84,0,Pancit Canton
Customer0307,2022-02-27,767.08,0,Lumpia
Customer0308,2022-12-05,299.82,0,Lechon
Customer0309,2022-10-09,52.95,0,Bicol Express
Customer0310,2022-04-10,264.0,0,Kare-Kare
Customer0311,2022-02-17,296.86,0,Pancit Canton
Customer0312,2022-10-23,718.61,0,Kare-Kare
Customer0313,2022-11-09,541.02,0,Lumpia
Customer0314,2022-05-05,49.0,0,Kare-Kare
Customer0315,2022-03-26,65.46,0,Pancit Canton
Customer0316,2022-07-22,76.14,0,Lumpia
Customer0317,2022-01-07,503.95,0,Adobo
Customer0318,2022-11-02,286.57,0,Sinigang
Customer0319,2022-06-15,850.68,0,Sinigang
Customer0320,2022-03-30,764.18,0,Sinigang
Customer0321,2022-04-09,667.89,0,Tinolang Manok
Customer0322,2022-11-06,715.28,0,Halo-Halo
Customer0323,2022-04-11,698.79,0,Bicol Express
Customer0324,2022-11-03,142.0,0,Kare-Kare
Customer0325,2022-04-25,350.69,0,Sinigang
Customer0326,2022-01-11,681.69,0,Halo-Halo
Customer0327,2022-08-31,961.58,0,Lumpia
Customer0328,2022-07-02,527.78,0,Halo-Halo
Customer0329,2022-03-23,329.59,0,Bicol Express
Customer0330,2022-01-22,378.11,0,Pancit Canton
Customer0331,2022-10-30,244.1,0,Tinolang Manok
Customer0332,2022-11-06,870.79,0,Tinolang Manok
Customer0333,2022-05-03,312.73,0,Halo-Halo
Customer0334,2022-04-27,893.48,0,Lumpia
Customer0335,2022-05-02,701.42,0,Halo-Halo
Customer0336,2022-01-08,246.04,0,Tinolang Manok
Customer0337,2022-02-19,389.09,0,Adobo
Customer0338,2022-08-15,732.39,0,Pancit Canton
Customer0339,2022-05-14,642.3,0,Lechon
Customer0340,2022-02-09,200.12,0,Adobo
Customer0341,2022-12-09,324.73,0,Bicol Express
Customer0342,2022-07-06,708.24,0,Tinolang Manok
Customer0343,2022-12-14,901.24,0,Halo-Halo
Customer0344,2022-03-29,213.81,0,Kare-Kare
Customer0345,2022-04-12,843.02,0,Lechon
Customer0346,2022-06-16,356.77,0,Bicol Express
Customer0347,2022-05-09,498.37,0,Sinigang
Customer0348,2022-06-24,614.05,0,Sinigang
Customer0349,2022-07-21,192.29,0,Sinigang
Customer0350,2022-02-19,321.8,0,Tinolang Manok
Customer0351,2022-12-30,917.27,0,Halo-Halo
Customer0352,2022-08-15,534.9,0,Kare-Kare
Customer0353,2022-02-06,557.16,0,Laing
Customer0354,2022-07-22,180.71,0,Bicol Express
Customer0355,2022-01-15,18.46,0,Laing
Customer0356,2022-12-09,502.56,0,Lumpia
Customer0357,2022-01-09,937.83,0,Lechon
Customer0358,2022-11-19,402.09,0,Adobo
Customer0359,2022-02-24,294.19,0,Adobo
Customer0360,2022-12-12,692.86,0,Pancit Canton
Customer0361,2022-09-26,785.86,0,Tinolang Manok
Customer0362,2022-01-10,918.12,0,Lechon
Customer0363,2022-09-01,958.3,0,Pancit Canton
Customer0364,2022-08-31,408.88,0,Bicol Express
Customer0365,2022-07-26,107.41,0,Lumpia
Customer0366,2022-06-05,205.61,0,Kare-Kare
Customer0367,2022-06-01,694.68,0,Tinolang Manok
Customer0368,2022-10-07,694.54,0,Kare-Kare
Customer0369,2022-05-20,830.09,0,Adobo
Customer0370,2022-02-17,948.6,0,Halo-Halo
Customer0371,2022-10-16,758.17,0,Adobo
Customer0372,2022-01-17,908.65,0,Halo-Halo
Customer0373,2022-04-21,176.4,0,Laing
Customer0374,2022-09-27,508.47,0,Halo-Halo
Customer0375,2022-09-23,579.31,0,Bicol Express
Customer0376,2022-03-23,190.53,0,Lechon
Customer0377,2022-12-19,296.16,0,Lechon
Customer0378,2022-11-28,117.95,0,Kare-Kare
Customer0379,2022-03-02,957.0,0,Pancit Canton
Customer0380,2022-07-07,972.11,0,Lumpia
Customer0381,2022-11-22,558.55,0,Tinolang Manok
Customer0382,2022-05-08,477.36,0,Pancit Canton
Customer0383,2022-02-19,422.7,0,Halo-Halo
Customer0384,2022-07-23,519.36,0,Pancit Canton
Customer0385,2022-04-13,462.21,0,Kare-Kare
Customer0386,2022-03-17,836.49,0,Lechon
Customer0387,2022-10-28,361.27,0,Halo-Halo
Customer0388,2022-06-12,275.9,0,Laing
Customer0389,2022-10-09,706.4,0,Halo-Halo
Customer0390,2022-08-19,594.23,0,Lumpia
Customer0391,2022-12-17,233.26,0,Sinigang
Customer0392,2022-02-20,508.29,0,Lumpia
Customer0393,2022-10-06,536.41,0,Lumpia
Customer0394,2022-10-09,673.19,0,Lumpia
Customer0395,2022-12-21,526.44,0,Pancit Canton
Customer0396,2022-02-18,678.06,0,Kare-Kare
Customer0397,2022-03-05,442.83,0,Laing
Customer0398,2022-03-11,514.07,0,Kare-Kare
Customer0399,2022-12-22,873.67,0,Tinolang Manok
Customer0400,2022-08-11,647.95,0,Lechon
Customer0401,2022-01-28,871.93,0,Sinigang
Customer0402,2022-01-13,58.45,0,Laing
Customer0403,2022-12-19,951.91,0,Lechon
Customer0404,2022-06-07,814.91,0,Lechon
Customer0405,2022-04-21,872.33,0,Lechon
Customer0406,2022-10-11,139.09,0,Pancit Canton
Customer0407,2022-02-06,860.63,0,Sinigang
Customer0408,2022-12-23,844.42,0,Laing
Customer0409,2022-05-31,424.51,0,Halo-Halo
Customer0410,2022-05-03,772.82,0,Kare-Kare
Customer0411,2022-05-23,434.37,0,Lechon
Customer0412,2022-04-25,577.92,0,Tinolang Manok
Customer0413,2022-11-22,488.73,0,Tinolang Manok
Customer0414,2022-01-30,467.39,0,Halo-Halo
Customer0415,2022-05-26,25.13,0,Lumpia
Customer0416,2022-06-02,839.3,0,Kare-Kare
Customer0417,2022-02-04,109.96,0,Bicol Express
Customer0418,2022-08-12,970.91,0,Bicol Express
Customer0419,2022-06-29,801.81,0,Adobo
Customer0420,2022-10-29,431.39,0,Tinolang Manok
Customer0421,2022-04-23,915.1,0,Pancit Canton
Customer0422,2022-08-06,839.28,0,Laing
Customer0423,2022-04-26,138.14,0,Kare-Kare
Customer0424,2022-11-24,417.31,0,Lumpia
Customer0425,2022-09-07,771.71,0,Laing
Customer0426,2022-05-13,146.83,0,Halo-Halo
Customer0427,2022-12-14,573.12,0,Lechon
Customer0428,2022-12-20,808.27,0,Kare-Kare
Customer0429,2022-10-24,507.29,0,Pancit Canton
Customer0430,2022-06-02,251.14,0,Kare-Kare
Customer0431,2022-05-09,763.28,0,Halo-Halo
Customer0432,2022-09-23,926.27,0,Kare-Kare
Customer0433,2022-05-06,161.74,0,Pancit Canton
Customer0434,2022-12-18,614.39,0,Bicol Express
Customer0435,2022-01-25,257.77,0,Kare-Kare
Customer0436,2022-10-11,863.49,0,Kare-Kare
Customer0437,2022-03-19,58.28,0,Sinigang
Customer0438,2022-03-04,625.68,0,Kare-Kare
Customer0439,2022-07-07,891.89,0,Lechon
Customer0440,2022-10-04,94.16,0,Kare-Kare
Customer0441,2022-08-08,639.69,0,Laing
Customer0442,2022-05-08,22.95,0,Sinigang
Customer0443,2022-12-28,588.06,0,Pancit Canton
Customer0444,2022-04-18,341.71,0,Kare-Kare
Customer0445,2022-11-22,741.33,0,Adobo
Customer0446,2022-05-22,668.42,0,Halo-Halo
Customer0447,2022-01-11,219.21,0,Lumpia
Customer0448,2022-03-16,393.87,0,Adobo
Customer0449,2022-08-06,954.63,0,Lumpia
Customer0450,2022-09-06,775.81,0,Kare-Kare
Customer0451,2022-03-18,621.06,0,Tinolang Manok
Customer0452,2022-01-14,648.74,0,Kare-Kare
Customer0453,2022-09-09,957.91,0,Pancit Canton
Customer0454,2022-11-18,891.68,0,Pancit Canton
Customer0455,2022-10-22,149.37,0,Lumpia
Customer0456,2022-04-08,779.8,0,Bicol Express
Customer0457,2022-12-02,234.35,0,Tinolang Manok
Customer0458,2022-03-09,843.95,0,Lumpia
Customer0459,2022-12-06,709.39,0,Lumpia
Customer0460,2022-08-08,163.38,0,Lechon
Customer0461,2022-12-25,942.71,0,Kare-Kare
Customer0462,2022-07-18,475.75,0,Kare-Kare
Customer0463,2022-05-08,411.86,0,Pancit Canton
Customer0464,2022-01-23,877.54,0,Lechon
Customer0465,2022-01-13,197.15,0,Lechon
Customer0466,2022-06-10,880.33,0,Bicol Express
Customer0467,2022-05-27,941.23,0,Pancit Canton
Customer0468,2022-05-06,514.8,0,Kare-Kare
Customer0469,2022-11-21,841.18,0,Tinolang Manok
Customer0470,2022-12-08,464.43,0,Kare-Kare
Customer0471,2022-09-13,336.33,0,Adobo
Customer0472,2022-09-16,319.01,0,Tinolang Manok
Customer0473,2022-08-06,914.44,0,Kare-Kare
Customer0474,2022-04-28,32.25,0,Kare-Kare
Customer0475,2022-05-18,446.22,0,Bicol Express
Customer0476,2022-03-09,442.75,0,Tinolang Manok
Customer0477,2022-03-27,141.87,0,Kare-Kare
Customer0478,2022-09-18,956.13,0,Laing
Customer0479,2022-05-23,799.01,0,Kare-Kare
Customer0480,2022-08-12,24.75,0,Tinolang Manok
Customer0481,2022-06-22,615.4,0,Laing
Customer0482,2022-11-07,275.83,0,Kare-Kare
Customer0483,2022-01-29,376.13,0,Kare-Kare
Customer0484,2022-03-01,536.02,0,Laing
Customer0485,2022-09-17,843.36,0,Laing
Customer0486,2022-09-22,476.42,0,Pancit Canton
Customer0487,2022-09-18,537.48,0,Adobo
Customer0488,2022-03-01,33.34,0,Bicol Express
Customer0489,2022-01-29,175.25,0,Lechon
Customer0490,2022-03-01,184.58,0,Lechon
Customer0491,2022-11-30,740.8,0,Lechon
Customer0492,2022-06-20,83.37,0,Adobo
Customer0493,2022-07-20,519.74,0,Pancit Canton
Customer0494,2022-03-11,706.19,0,Pancit Canton
Customer0495,2022-05-09,807.18,0,Halo-Halo
Customer0496,2022-10-01,382.73,0,Lumpia
Customer0497,2022-08-15,876.98,0,Lumpia
Customer0498,2022-12-06,985.56,0,Laing
Customer0499,2022-10-24,296.86,0,Bicol Express
Customer0500,2022-05-14,239.23,0,Pancit Canton
Customer0501,2022-11-15,639.03,-1,Adobo
Customer0502,2022-06-29,773.13,-1,Pancit Canton
Customer0503,2022-04-12,364.15,-1,Laing
Customer0504,2022-12-01,608.13,-1,Kare-Kare
Customer0505,2022-01-31,160.12,-1,Lechon
Customer0506,2022-10-07,816.34,-1,Tinolang Manok
Customer0507,2022-10-29,474.09,-1,Sinigang
Customer0508,2022-06-05,62.11,-1,Pancit Canton
Customer0509,2022-07-02,578.53,-1,Bicol Express
Customer0510,2022-10-29,927.23,-1,Adobo
Customer0511,2022-12-26,514.91,-1,Bicol Express
Customer0512,2022-07-25,949.06,-1,Lechon
Customer0513,2022-05-05,437.21,-1,Kare-Kare
Customer0514,2022-03-18,281.6,-1,Lechon
Customer0515,2022-09-05,344.21,-1,Tinolang Manok
Customer0516,2022-01-25,498.03,-1,Sinigang
Customer0517,2022-11-18,813.25,-1,Sinigang
Customer0518,2022-07-01,308.24,-1,Halo-Halo
Customer0519,2022-04-18,557.31,-1,Halo-Halo
Customer0520,2022-08-01,573.34,-1,Halo-Halo
Customer0521,2022-10-16,530.42,-1,Laing
Customer0522,2022-04-11,250.63,-1,Sinigang
Customer0523,2022-09-21,50.83,-1,Lechon
Customer0524,2022-11-04,87.46,-1,Tinolang Manok
Customer0525,2022-03-18,736.07,-1,Sinigang
Customer0526,2022-05-17,352.04,-1,Kare-Kare
Customer0527,2022-12-09,742.47,-1,Pancit Canton
Customer0528,2022-10-28,775.59,-1,Pancit Canton
Customer0529,2022-06-02,727.48,-1,Lechon
Customer0530,2022-07-04,717.44,-1,Pancit Canton
Customer0531,2022-03-23,721.93,-1,Bicol Express
Customer0532,2022-05-09,316.96,-1,Kare-Kare
Customer0533,2022-03-07,63.43,-1,Adobo
Customer0534,2022-03-16,113.68,-1,Pancit Canton
Customer0535,2022-01-30,105.39,-1,Halo-Halo
Customer0536,2022-12-01,694.51,-1,Adobo
Customer0537,2022-04-22,238.29,-1,Adobo
Customer0538,2022-04-02,655.19,-1,Lechon
Customer0539,2022-12-15,740.38,-1,Laing
Customer0540,2022-09-16,263.7,-1,Laing
Customer0541,2022-04-16,534.72,-1,Tinolang Manok
Customer0542,2022-10-25,211.82,-1,Adobo
Customer0543,2022-08-20,615.29,-1,Adobo
Customer0544,2022-06-24,307.22,-1,Lechon
Customer0545,2022-11-01,134.99,-1,Laing
Customer0546,2022-06-18,713.66,-1,Halo-Halo
Customer0547,2022-10-22,709.71,-1,Adobo
Customer0548,2022-07-20,732.04,-1,Kare-Kare
Customer0549,2022-03-16,372.2,-1,Adobo
Customer0550,2022-06-06,743.38,-1,Adobo
Customer0551,2022-03-08,823.95,-1,Lumpia
Customer0552,2022-04-26,197.96,-1,Lumpia
Customer0553,2022-08-06,58.02,-1,Laing
Customer0554,2022-11-09,424.1,-1,Tinolang Manok
Customer0555,2022-08-13,751.38,-1,Lechon
Customer0556,2022-12-10,280.52,-1,Pancit Canton
Customer0557,2022-07-02,218.32,-1,Tinolang Manok
Customer0558,2022-04-05,161.71,-1,Lumpia
Customer0559,2022-03-02,314.42,-1,Sinigang
Customer0560,2022-07-01,668.17,-1,Adobo
Customer0561,2022-09-06,979.53,-1,Sinigang
Customer0562,2022-05-26,447.84,-1,Pancit Canton
Customer0563,2022-09-13,883.67,-1,Pancit Canton
Customer0564,2022-08-22,910.45,-1,Kare-Kare
Customer0565,2022-04-25,345.72,-1,Lumpia
Customer0566,2022-11-27,394.5,-1,Tinolang Manok
Customer0567,2022-02-10,634.8,-1,Halo-Halo
Customer0568,2022-09-10,758.07,-1,Pancit Canton
Customer0569,2022-04-21,30.79,-1,Tinolang Manok
Customer0570,2022-11-02,98.55,-1,Adobo
Customer0571,2022-07-23,145.69,-1,Sinigang
Customer0572,2022-12-26,296.7,-1,Adobo
Customer0573,2022-01-05,329.17,-1,Pancit Canton
Customer0574,2022-06-19,666.76,-1,Pancit Canton
Customer0575,2022-03-21,198.57,-1,Adobo
Customer0576,2022-10-16,271.62,-1,Lumpia
Customer0577,2022-01-11,446.11,-1,Halo-Halo
Customer0578,2022-03-16,501.36,-1,Adobo
Customer0579,2022-12-13,131.14,-1,Adobo
Customer0580,2022-02-12,834.55,-1,Lumpia
Customer0581,2022-07-04,830.1,-1,Lechon
Customer0582,2022-05-03,778.55,-1,Kare-Kare
Customer0583,2022-08-18,201.77,-1,Halo-Halo
Customer0584,2022-07-28,139.45,-1,Lumpia
Customer0585,2022-05-21,598.29,-1,Tinolang Manok
Customer0586,2022-07-22,42.42,-1,Tinolang Manok
Customer0587,2022-03-23,879.72,-1,Adobo
Customer0588,2022-06-02,900.71,-1,Tinolang Manok
Customer0589,2022-03-19,418.8,-1,Laing
Customer0590,2022-07-29,516.75,-1,Tinolang Manok
Customer0591,2022-11-11,520.82,-1,Sinigang
Customer0592,2022-04-10,439.0,-1,Sinigang
Customer0593,2022-10-31,15.35,-1,Bicol Express
Customer0594,2022-01-17,587.61,-1,Adobo
Customer0595,2022-05-16,669.6,-1,Tinolang Manok
Customer0596,2022-07-12,61.63,-1,Pancit Canton
Customer0597,2022-05-04,927.0,-1,Bicol Express
Customer0598,2022-04-14,220.5,-1,Lumpia
Customer0599,2022-03-06,348.5,-1,Kare-Kare
Customer0600,2022-08-06,871.75,-1,Adobo
Customer0601,2022-01-15,341.48,-1,Bicol Express
Customer0602,2022-11-12,728.07,-1,Tinolang Manok
Customer0603,2022-12-28,690.45,-1,Adobo
Customer0604,2022-04-14,271.97,-1,Sinigang
Customer0605,2022-12-05,114.12,-1,Bicol Express
Customer0606,2022-01-09,220.09,-1,Halo-Halo
Customer0607,2022-09-20,140.91,-1,Sinigang
Customer0608,2022-01-13,411.77,-1,Kare-Kare
Customer0609,2022-01-05,420.37,-1,Tinolang Manok
Customer0610,2022-01-20,831.78,-1,Laing
Customer0611,2022-10-08,404.15,-1,Laing
Customer0612,2022-08-30,11.15,-1,Bicol Express
Customer0613,2022-06-13,383.36,-1,Pancit Canton
Customer0614,2022-05-09,71.95,-1,Halo-Halo
Customer0615,2022-01-31,334.26,-1,Lumpia
Customer0616,2022-11-16,162.7,-1,Lechon
Customer0617,2022-06-30,44.81,-1,Lechon
Customer0618,2022-03-24,747.46,-1,Adobo
Customer0619,2022-10-27,339.08,-1,Pancit Canton
Customer0620,2022-02-08,898.66,-1,Lumpia
Customer0621,2022-06-15,111.73,-1,Tinolang Manok
Customer0622,2022-09-04,202.64,-1,Kare-Kare
Customer0623,2022-08-23,688.58,-1,Bicol Express
Customer0624,2022-12-27,825.07,-1,Lumpia
Customer0625,2022-08-09,68.88,-1,Halo-Halo
Customer0626,2022-11-25,362.86,-1,Halo-Halo
Customer0627,2022-09-06,64.91,-1,Halo-Halo
Customer0628,2022-01-25,343.2,-1,Halo-Halo
Customer0629,2022-03-20,550.06,-1,Adobo
Customer0630,2022-09-07,945.66,-1,Halo-Halo
Customer0631,2022-04-05,618.03,-1,Adobo
Customer0632,2022-02-16,274.6,-1,Sinigang
Customer0633,2022-07-31,835.82,-1,Laing
Customer0634,2022-04-20,459.26,-1,Lumpia
Customer0635,2022-08-16,677.71,-1,Bicol Express
Customer0636,2022-06-02,915.65,-1,Laing
Customer0637,2022-06-10,390.08,-1,Bicol Express
Customer0638,2022-08-14,772.46,-1,Halo-Halo
Customer0639,2022-01-06,441.21,-1,Halo-Halo
Customer0640,2022-12-22,263.64,-1,Laing
Customer0641,2022-05-26,961.46,-1,Halo-Halo
Customer0642,2022-09-16,399.77,-1,Pancit Canton
Customer0643,2022-09-15,102.82,-1,Tinolang Manok
Customer0644,2022-07-27,900.07,-1,Lumpia
Customer0645,2022-10-24,333.49,-1,Bicol Express
Customer0646,2022-10-12,298.29,-1,Lumpia
Customer0647,2022-04-04,615.98,-1,Lumpia
Customer0648,2022-09-12,460.78,-1,Adobo
Customer0649,2022-11-17,569.44,-1,Lechon
Customer0650,2022-03-21,723.84,-1,Lechon
Customer0651,2022-10-06,662.6,-1,Adobo
Customer0652,2022-10-25,73.25,-1,Adobo
Customer0653,2022-10-13,360.21,-1,Laing
Customer0654,2022-01-22,301.79,-1,Lumpia
Customer0655,2022-03-26,472.02,-1,Laing
Customer0656,2022-10-01,200.88,-1,Sinigang
Customer0657,2022-09-13,542.68,-1,Tinolang Manok
Customer0658,2022-07-10,36.09,-1,Pancit Canton
Customer0659,2022-07-19,12.95,-1,Kare-Kare
Customer0660,2022-12-26,941.51,-1,Adobo
Customer0661,2022-02-22,460.85,-1,Laing
Customer0662,2022-11-01,489.84,-1,Pancit Canton
Customer0663,2022-06-27,822.57,-1,Adobo
Customer0664,2022-05-21,886.18,-1,Bicol Express
Customer0665,2022-03-11,742.15,-1,Halo-Halo
Customer0666,2022-10-28,547.31,-1,Laing
Customer0667,2022-03-20,810.66,-1,Adobo
Customer0668,2022-09-04,612.14,-1,Lechon
Customer0669,2022-11-21,10.84,-1,Bicol Express
Customer0670,2022-05-04,591.89,-1,Adobo
Customer0671,2022-10-16,503.4,-1,Lechon
Customer0672,2022-04-23,326.54,-1,Bicol Express
Customer0673,2022-09-11,282.0,-1,Laing
Customer0674,2022-03-25,812.38,-1,Bicol Express
Customer0675,2022-12-07,180.53,-1,Lumpia
Customer0676,2022-04-08,862.15,-1,Lumpia
Customer0677,2022-07-13,783.47,-1,Tinolang Manok
Customer0678,2022-08-15,507.57,-1,Laing
Customer0679,2022-02-17,156.42,-1,Lumpia
Customer0680,2022-09-03,404.3,-1,Kare-Kare
Customer0681,2022-08-12,613.05,-1,Lumpia
Customer0682,2022-07-13,176.83,-1,Lumpia
Customer0683,2022-05-25,755.82,-1,Lechon
Customer0684,2022-02-09,630.27,-1,Halo-Halo
Customer0685,2022-03-29,461.6,-1,Laing
Customer0686,2022-03-03,786.4,-1,Lechon
Customer0687,2022-12-02,400.58,-1,Pancit Canton
Customer0688,2022-02-28,948.17,-1,Lumpia
Customer0689,2022-10-11,974.73,-1,Laing
Customer0690,2022-01-17,457.75,-1,Tinolang Manok
Customer0691,2022-04-28,269.21,-1,Adobo
Customer0692,2022-05-28,748.84,-1,Sinigang
Customer0693,2022-06-09,300.43,-1,Adobo
Customer0694,2022-06-24,635.45,-1,Tinolang Manok
Customer0695,2022-03-02,987.77,-1,Sinigang
Customer0696,2022-04-18,250.19,-1,Lumpia
Customer0697,2022-10-10,771.1,-1,Halo-Halo
Customer0698,2022-12-04,457.26,-1,Adobo
Customer0699,2022-07-15,778.67,-1,Lechon
Customer0700,2022-11-01,431.98,-1,Halo-Halo
Customer0701,2022-05-23,564.72,-1,Halo-Halo
Customer0702,2022-10-19,267.5,-1,Lechon
Customer0703,2022-10-30,153.46,-1,Sinigang
Customer0704,2022-04-26,788.34,-1,Pancit Canton
Customer0705,2022-04-24,609.0,-1,Adobo
Customer0706,2022-01-23,278.4,-1,Pancit Canton
Customer0707,2022-06-04,311.71,-1,Tinolang Manok
Customer0708,2022-01-30,412.97,-1,Bicol Express
Customer0709,2022-07-08,771.96,-1,Adobo
Customer0710,2022-09-23,851.38,-1,Pancit Canton
Customer0711,2022-12-13,522.02,-1,Lechon
Customer0712,2022-10-09,729.71,-1,Tinolang Manok
Customer0713,2022-09-18,149.04,-1,Lumpia
Customer0714,2022-09-13,558.38,-1,Laing
Customer0715,2022-03-31,153.27,-1,Kare-Kare
Customer0716,2022-03-22,892.19,-1,Bicol Express
Customer0717,2022-11-01,857.96,-1,Halo-Halo
Customer0718,2022-07-01,786.61,-1,Kare-Kare
Customer0719,2022-04-22,396.42,-1,Laing
Customer0720,2022-09-22,463.71,-1,Lechon
Customer0721,2022-02-18,124.72,-1,Bicol Express
Customer0722,2022-09-03,151.81,-1,Halo-Halo
Customer0723,2022-09-29,872.1,-1,Pancit Canton
Customer0724,2022-11-08,442.12,-1,Halo-Halo
Customer0725,2022-12-30,810.24,-1,Tinolang Manok
Customer0726,2022-04-02,230.27,-1,Adobo
Customer0727,2022-12-25,199.04,-1,Pancit Canton
Customer0728,2022-05-20,828.34,-1,Lumpia
Customer0729,2022-10-23,75.26,-1,Lechon
Customer0730,2022-07-19,691.83,-1,Pancit Canton
Customer0731,2022-04-09,290.03,-1,Lechon
Customer0732,2022-11-25,220.05,-1,Adobo
Customer0733,2022-09-06,160.56,-1,Tinolang Manok
Customer0734,2022-09-03,68.72,-1,Kare-Kare
Customer0735,2022-04-19,346.13,-1,Bicol Express
Customer0736,2022-06-22,986.7,-1,Sinigang
Customer0737,2022-08-17,174.82,-1,Halo-Halo
Customer0738,2022-11-06,117.46,-1,Adobo
Customer0739,2022-10-20,156.21,-1,Kare-Kare
Customer0740,2022-11-28,18.95,-1,Pancit Canton
Customer0741,2022-05-18,178.95,-1,Laing
Customer0742,2022-12-04,213.73,-1,Tinolang Manok
Customer0743,2022-01-01,256.52,-1,Kare-Kare
Customer0744,2022-08-26,395.99,-1,Tinolang Manok
Customer0745,2022-07-31,137.34,-1,Sinigang
Customer0746,2022-12-07,791.67,-1,Lechon
Customer0747,2022-02-07,175.04,-1,Lumpia
Customer0748,2022-11-14,699.74,-1,Kare-Kare
Customer0749,2022-05-10,428.19,-1,Kare-Kare
Customer0750,2022-04-29,409.95,-1,Kare-Kare
Customer0751,2022-04-04,489.46,4,Tinolang Manok
Customer0752,2022-12-12,605.57,1,Laing
Customer0753,2022-09-27,305.27,5,Laing
Customer0754,2022-02-21,100.99,9,Sinigang
Customer0755,2022-05-25,78.4,5,Kare-Kare
Customer0756,2022-07-21,843.42,1,Lumpia
Customer0757,2022-03-12,397.21,9,Bicol Express
Customer0758,2022-07-01,485.34,2,Bicol Express
Customer0759,2022-03-09,537.96,1,Kare-Kare
Customer0760,2022-08-19,259.35,10,Pancit Canton
Customer0761,2022-08-23,209.87,9,Tinolang Manok
Customer0762,2022-03-13,900.22,3,Halo-Halo
Customer0763,2022-04-28,239.83,4,Kare-Kare
Customer0764,2022-02-10,310.46,8,Laing
Customer0765,2022-04-12,184.96,6,Tinolang Manok
Customer0766,2022-11-08,731.12,8,Bicol Express
Customer0767,2022-08-29,780.92,5,Bicol Express
Customer0768,2022-05-11,989.89,10,Tinolang Manok
Customer0769,2022-08-12,636.18,7,Tinolang Manok
Customer0770,2022-09-20,247.07,5,Lechon
Customer0771,2022-02-19,354.76,4,Tinolang Manok
Customer0772,2022-11-06,14.31,5,Pancit Canton
Customer0773,2022-09-21,442.75,8,Laing
Customer0774,2022-05-08,498.48,6,Sinigang
Customer0775,2022-08-05,875.49,3,Pancit Canton
Customer0776,2022-04-18,633.22,1,Halo-Halo
Customer0777,2022-04-29,685.53,10,Pancit Canton
Customer0778,2022-08-12,213.19,5,Lechon
Customer0779,2022-07-27,911.24,10,Lechon
Customer0780,2022-06-11,423.06,4,Pancit Canton
Customer0781,2022-09-07,862.1,3,Lumpia
Customer0782,2022-03-23,469.71,9,Adobo
Customer0783,2022-04-27,10.15,2,Adobo
Customer0784,2022-07-29,225.72,9,Bicol Express
Customer0785,2022-10-06,491.52,6,Bicol Express
Customer0786,2022-02-21,489.08,6,Lumpia
Customer0787,2022-01-01,590.26,6,Tinolang Manok
Customer0788,2022-07-15,26.46,6,Sinigang
Customer0789,2022-07-21,453.03,1,Bicol Express
Customer0790,2022-02-12,965.58,5,Lumpia
Customer0791,2022-08-07,540.33,2,Bicol Express
Customer0792,2022-10-31,360.56,10,Adobo
Customer0793,2022-10-05,604.62,6,Bicol Express
Customer0794,2022-04-02,808.93,3,Sinigang
Customer0795,2022-08-10,96.77,5,Adobo
Customer0796,2022-03-11,960.16,6,Bicol Express
Customer0797,2022-07-02,878.65,4,Sinigang
Customer0798,2022-05-18,144.53,7,Laing
Customer0799,2022-06-09,953.13,8,Bicol Express
Customer0800,2022-11-06,715.52,10,Laing
Customer0801,2022-07-27,265.45,7,Pancit Canton
Customer0802,2022-02-12,672.23,5,Bicol Express
Customer0803,2022-10-07,216.19,10,Laing
Customer0804,2022-05-18,792.59,5,Halo-Halo
Customer0805,2022-07-24,305.24,3,Pancit Canton
Customer0806,2022-02-06,285.02,10,Bicol Express
Customer0807,2022-04-13,987.76,1,Sinigang
Customer0808,2022-04-08,984.77,5,Lumpia
Customer0809,2022-10-27,81.12,5,Sinigang
Customer0810,2022-09-04,948.37,4,Bicol Express
Customer0811,2022-08-26,530.42,10,Lechon
Customer0812,2022-03-10,45.37,9,Laing
Customer0813,2022-03-17,994.75,1,Sinigang
Customer0814,2022-11-08,554.26,4,Halo-Halo
Customer0815,2022-07-22,667.97,4,Laing
Customer0816,2022-10-22,160.79,10,Lumpia
Customer0817,2022-12-16,41.51,3,Sinigang
Customer0818,2022-01-01,822.07,10,Halo-Halo
Customer0819,2022-09-18,95.23,1,Halo-Halo
Customer0820,2022-10-17,770.76,7,Pancit Canton
Customer0821,2022-01-08,681.5,10,Bicol Express
Customer0822,2022-09-07,397.56,10,Halo-Halo
Customer0823,2022-06-11,656.06,8,Sinigang
Customer0824,2022-09-18,370.43,10,Bicol Express
Customer0825,2022-12-24,364.49,2,Lechon
Customer0826,2022-01-26,83.95,9,Halo-Halo
Customer0827,2022-10-19,10.65,7,Lumpia
Customer0828,2022-04-09,983.68,3,Sinigang
Customer0829,2022-07-27,398.16,9,Lumpia
Customer0830,2022-04-23,790.61,1,Lumpia
Customer0831,2022-10-23,439.64,7,Laing
Customer0832,2022-08-13,171.14,3,Kare-Kare
Customer0833,2022-02-03,989.14,7,Adobo
Customer0834,2022-10-30,205.91,3,Lechon
Customer0835,2022-04-18,81.41,9,Bicol Express
Customer0836,2022-09-19,521.1,3,Tinolang Manok
Customer0837,2022-12-12,60.15,1,Tinolang Manok
Customer0838,2022-01-20,932.69,7,Halo-Halo
Customer0839,2022-12-10,204.49,8,Lechon
Customer0840,2022-07-01,701.14,7,Lechon
Customer0841,2022-05-27,851.31,3,Adobo
Customer0842,2022-08-17,454.48,8,Bicol Express
Customer0843,2022-07-13,131.22,4,Lumpia
Customer0844,2022-11-25,568.85,10,Bicol Express
Customer0845,2022-02-18,628.34,2,Bicol Express
Customer0846,2022-07-23,427.04,2,Laing
Customer0847,2022-07-21,113.92,8,Halo-Halo
Customer0848,2022-08-13,575.63,8,Adobo
Customer0849,2022-09-27,955.3,3,Lechon
Customer0850,2022-02-03,651.2,7,Sinigang
Customer0851,2022-11-07,300.49,1,Pancit Canton
Customer0852,2022-09-19,11.59,6,Tinolang Manok
Customer0853,2022-07-15,714.06,3,Lechon
Customer0854,2022-07-10,818.86,3,Lechon
Customer0855,2022-06-13,716.6,8,Kare-Kare
Customer0856,2022-07-08,700.37,7,Halo-Halo
Customer0857,2022-05-16,173.01,8,Pancit Canton
Customer0858,2022-10-25,890.19,2,Laing
Customer0859,2022-03-25,508.93,10,Tinolang Manok
Customer0860,2022-03-22,786.03,6,Tinolang Manok
Customer0861,2022-10-09,466.8,4,Adobo
Customer0862,2022-03-16,493.89,2,Halo-Halo
Customer0863,2022-02-01,921.7,1,Adobo
Customer0864,2022-09-11,194.17,10,Pancit Canton
Customer0865,2022-08-06,824.56,4,Sinigang
Customer0866,2022-03-19,291.7,4,Pancit Canton
Customer0867,2022-01-12,842.23,3,Kare-Kare
Customer0868,2022-05-10,532.79,1,Kare-Kare
Customer0869,2022-12-25,994.55,6,Lumpia
Customer0870,2022-07-30,534.49,1,Lumpia
Customer0871,2022-12-27,734.32,4,Lechon
Customer0872,2022-08-13,970.86,1,Adobo
Customer0873,2022-11-19,932.29,3,Lumpia
Customer0874,2022-09-26,909.84,10,Halo-Halo
Customer0875,2022-08-27,869.58,9,Halo-Halo
Customer0876,2022-03-05,186.37,10,Lumpia
Customer0877,2022-05-29,201.23,3,Lechon
Customer0878,2022-06-17,715.24,10,Adobo
Customer0879,2022-02-08,856.0,5,Bicol Express
Customer0880,2022-05-12,586.88,1,Kare-Kare
Customer0881,2022-05-15,860.05,8,Laing
Customer0882,2022-05-31,667.55,6,Pancit Canton
Customer0883,2022-09-15,274.58,4,Lumpia
Customer0884,2022-12-20,405.1,1,Bicol Express
Customer0885,2022-02-21,400.61,2,Lumpia
Customer0886,2022-06-17,236.39,7,Lumpia
Customer0887,2022-07-07,391.29,2,Kare-Kare
Customer0888,2022-10-28,970.84,8,Lechon
Customer0889,2022-04-20,237.54,7,Pancit Canton
Customer0890,2022-03-27,519.68,5,Pancit Canton
Customer0891,2022-11-07,267.18,10,Sinigang
Customer0892,2022-09-26,320.58,8,Kare-Kare
Customer0893,2022-02-18,139.85,2,Lechon
Customer0894,2022-11-25,661.2,3,Sinigang
Customer0895,2022-03-19,137.49,6,Lechon
Customer0896,2022-09-17,304.28,1,Halo-Halo
Customer0897,2022-05-21,568.05,2,Adobo
Customer0898,2022-05-02,831.69,4,Sinigang
Customer0899,2022-09-12,297.9,6,Sinigang
Customer0900,2022-06-28,973.84,6,Lumpia
Customer0901,2022-10-04,779.35,8,Bicol Express
Customer0902,2022-03-28,310.85,1,Tinolang Manok
Customer0903,2022-08-29,894.0,3,Kare-Kare
Customer0904,2022-09-19,483.75,4,Kare-Kare
Customer0905,2022-01-12,443.89,4,Laing
Customer0906,2022-04-01,52.26,1,Halo-Halo
Customer0907,2022-04-17,627.13,9,Kare-Kare
Customer0908,2022-09-10,896.23,2,Lechon
Customer0909,2022-06-28,908.01,10,Lechon
Customer0910,2022-09-10,447.87,8,Bicol Express
Customer0911,2022-09-18,199.84,2,Bicol Express
Customer0912,2022-03-25,227.7,4,Laing
Customer0913,2022-09-28,120.54,8,Sinigang
Customer0914,2022-05-16,921.88,9,Tinolang Manok
Customer0915,2022-12-09,429.63,10,Lechon
Customer0916,2022-01-15,635.64,8,Kare-Kare
Customer0917,2022-06-23,963.65,6,Tinolang Manok
Customer0918,2022-03-13,508.43,7,Laing
Customer0919,2022-06-07,335.89,9,Sinigang
Customer0920,2022-05-30,162.22,6,Lechon
Customer0921,2022-02-12,922.13,7,Pancit Canton
Customer0922,2022-11-06,313.02,7,Bicol Express
Customer0923,2022-09-25,880.85,9,Pancit Canton
Customer0924,2022-11-16,136.05,6,Laing
Customer0925,2022-01-25,118.24,2,Pancit Canton
Customer0926,2022-08-20,75.53,10,Lechon
Customer0927,2022-10-21,195.4,2,Bicol Express
Customer0928,2022-09-16,862.73,8,Laing
Customer0929,2022-08-04,484.27,8,Laing
Customer0930,2022-04-03,799.09,4,Halo-Halo
Customer0931,2022-11-23,976.71,10,Laing
Customer0932,2022-09-04,432.14,7,Pancit Canton
Customer0933,2022-04-24,711.11,10,Kare-Kare
Customer0934,2022-05-21,50.78,6,Laing
Customer0935,2022-09-05,380.34,9,Tinolang Manok
Customer0936,2022-08-31,260.66,8,Sinigang
Customer0937,2022-01-06,25.72,5,Lechon
Customer0938,2022-12-21,67.42,6,Lumpia
Customer0939,2022-10-23,792.63,5,Sinigang
Customer0940,2022-12-30,652.71,2,Bicol Express
Customer0941,2022-05-21,606.88,7,Laing
Customer0942,2022-09-07,530.75,3,Tinolang Manok
Customer0943,2022-06-11,641.55,10,Kare-Kare
Customer0944,2022-07-13,809.95,4,Sinigang
Customer0945,2022-05-19,254.54,4,Pancit Canton
Customer0946,2022-12-14,394.04,5,Laing
Customer0947,2022-07-14,110.98,5,Tinolang Manok
Customer0948,2022-10-02,914.61,3,Halo-Halo
Customer0949,2022-11-23,26.2,8,Lumpia
Customer0950,2022-08-27,523.85,2,Tinolang Manok
Customer0951,2022-01-03,619.44,3,Tinolang Manok
Customer0952,2022-01-18,401.2,6,Kare-Kare
Customer0953,2022-10-01,416.61,8,Tinolang Manok
Customer0954,2022-02-25,651.62,2,Pancit Canton
Customer0955,2022-05-03,165.37,7,Lumpia
Customer0956,2022-11-24,583.24,6,Kare-Kare
Customer0957,2022-03-15,286.69,9,Tinolang Manok
Customer0958,2022-03-13,410.98,3,Bicol Express
Customer0959,2022-07-04,890.24,8,Halo-Halo
Customer0960,2022-05-16,249.42,8,Tinolang Manok
Customer0961,2022-03-16,420.16,1,Tinolang Manok
Customer0962,2022-06-02,478.74,10,Lechon
Customer0963,2022-06-20,848.51,1,Pancit Canton
Customer0964,2022-01-14,845.46,2,Lumpia
Customer0965,2022-06-16,860.63,2,Adobo
Customer0966,2022-12-23,458.65,7,Lumpia
Customer0967,2022-06-25,18.7,1,Laing
Customer0968,2022-12-15,231.71,2,Lumpia
Customer0969,2022-04-23,660.81,6,Laing
Customer0970,2022-06-29,585.36,9,Kare-Kare
Customer0971,2022-11-01,956.37,8,Kare-Kare
Customer0972,2022-07-31,644.38,4,Lumpia
Customer0973,2022-10-23,300.27,10,Halo-Halo
Customer0974,2022-10-11,49.58,3,Tinolang Manok
Customer0975,2022-07-29,495.24,4,Sinigang
Customer0976,2022-11-30,630.81,8,Tinolang Manok
Customer0977,2022-08-11,137.85,9,Bicol Express
Customer0978,2022-06-04,22.06,7,Lumpia
Customer0979,2022-04-25,340.32,10,Lechon
Customer0980,2022-03-30,855.94,9,Kare-Kare
Customer0981,2022-12-11,36.37,1,Laing
Customer0982,2022-02-28,335.24,9,Adobo
Customer0983,2022-10-22,295.38,7,Sinigang
Customer0984,2022-02-04,846.11,8,Halo-Halo
Customer0985,2022-10-01,647.89,6,Halo-Halo
Customer0986,2022-08-13,249.57,5,Tinolang Manok
Customer0987,2022-04-02,635.25,2,Adobo
Customer0988,2022-11-01,109.82,9,Lumpia
Customer0989,2022-12-02,651.04,10,Pancit Canton
Customer0990,2022-08-16,223.64,3,Lechon
Customer0991,2022-10-04,789.0,3,Lechon
Customer0992,2022-12-27,877.72,1,Lechon
Customer0993,2022-06-24,416.04,10,Adobo
Customer0994,2022-06-14,966.83,8,Tinolang Manok
Customer0995,2022-04-29,915.6,4,Laing
Customer0996,2022-01-03,726.76,2,Kare-Kare
Customer0997,2022-03-02,544.97,2,Bicol Express
Customer0998,2022-11-15,64.98,2,Tinolang Manok
Customer0999,2022-02-12,965.01,10,Lumpia
Customer1000,2022-06-04,728.88,3,Lumpia
